{"assets":[],"layers":[{"ddd":0,"ind":0,"ty":4,"nm":"å½¢ç¶å¾å± 5","ks":{"o":{"k":[{"i":{"x":[0.833],"y":[0.833]},"o":{"x":[0.333],"y":[0]},"n":["0p833_0p833_0p333_0"],"t":8,"s":[100],"e":[30]},{"i":{"x":[0.833],"y":[0.833]},"o":{"x":[0.333],"y":[0]},"n":["0p833_0p833_0p333_0"],"t":24,"s":[30],"e":[100]},{"t":40}]},"r":{"k":0},"p":{"k":[187.875,77.125,0]},"a":{"k":[-76.375,-2.875,0]},"s":{"k":[{"i":{"x":[0.833,0.833,0.833],"y":[0.833,0.833,0.833]},"o":{"x":[0.333,0.333,0.333],"y":[0,0,0.333]},"n":["0p833_0p833_0p333_0","0p833_0p833_0p333_0","0p833_0p833_0p333_0p333"],"t":8,"s":[100,100,100],"e":[200,200,100]},{"i":{"x":[0.833,0.833,0.833],"y":[0.833,0.833,0.833]},"o":{"x":[0.333,0.333,0.333],"y":[0,0,0.333]},"n":["0p833_0p833_0p333_0","0p833_0p833_0p333_0","0p833_0p833_0p333_0p333"],"t":24,"s":[200,200,100],"e":[100,100,100]},{"t":40}]}},"ao":0,"shapes":[{"ty":"gr","it":[{"d":1,"ty":"el","s":{"k":[18,18]},"p":{"k":[0,0]},"nm":"æ¤­åè·¯å¾ 1","mn":"ADBE Vector Shape - Ellipse"},{"ty":"st","c":{"k":[1,1,1,1]},"o":{"k":100},"w":{"k":0},"lc":1,"lj":1,"ml":4,"nm":"æè¾¹ 1","mn":"ADBE Vector Graphic - Stroke"},{"ty":"fl","c":{"k":[0.87,0.42,0.56,1]},"o":{"k":100},"nm":"å¡«å 1","mn":"ADBE Vector Graphic - Fill"},{"ty":"tr","p":{"k":[-76.482,-3.482],"ix":2},"a":{"k":[0,0],"ix":1},"s":{"k":[100,100],"ix":3},"r":{"k":0,"ix":6},"o":{"k":100,"ix":7},"sk":{"k":0,"ix":4},"sa":{"k":0,"ix":5},"nm":"åæ¢"}],"nm":"æ¤­å 1","np":3,"mn":"ADBE Vector Group"}],"ip":0,"op":40,"st":0,"bm":0,"sr":1},{"ddd":0,"ind":1,"ty":4,"nm":"å½¢ç¶å¾å± 4","ks":{"o":{"k":[{"i":{"x":[0.833],"y":[0.833]},"o":{"x":[0.333],"y":[0]},"n":["0p833_0p833_0p333_0"],"t":6,"s":[100],"e":[30]},{"i":{"x":[0.833],"y":[0.833]},"o":{"x":[0.333],"y":[0]},"n":["0p833_0p833_0p333_0"],"t":22,"s":[30],"e":[100]},{"t":36}]},"r":{"k":0},"p":{"k":[162.125,76.625,0]},"a":{"k":[-76.375,-2.875,0]},"s":{"k":[{"i":{"x":[0.833,0.833,0.833],"y":[0.833,0.833,0.833]},"o":{"x":[0.333,0.333,0.333],"y":[0,0,0.333]},"n":["0p833_0p833_0p333_0","0p833_0p833_0p333_0","0p833_0p833_0p333_0p333"],"t":6,"s":[100,100,100],"e":[200,200,100]},{"i":{"x":[0.833,0.833,0.833],"y":[0.833,0.833,0.833]},"o":{"x":[0.333,0.333,0.333],"y":[0,0,0.333]},"n":["0p833_0p833_0p333_0","0p833_0p833_0p333_0","0p833_0p833_0p333_0p333"],"t":22,"s":[200,200,100],"e":[100,100,100]},{"t":36}]}},"ao":0,"shapes":[{"ty":"gr","it":[{"d":1,"ty":"el","s":{"k":[18,18]},"p":{"k":[0,0]},"nm":"æ¤­åè·¯å¾ 1","mn":"ADBE Vector Shape - Ellipse"},{"ty":"st","c":{"k":[1,1,1,1]},"o":{"k":100},"w":{"k":0},"lc":1,"lj":1,"ml":4,"nm":"æè¾¹ 1","mn":"ADBE Vector Graphic - Stroke"},{"ty":"fl","c":{"k":[0.81,0.55,0.82,1]},"o":{"k":100},"nm":"å¡«å 1","mn":"ADBE Vector Graphic - Fill"},{"ty":"tr","p":{"k":[-76.482,-3.482],"ix":2},"a":{"k":[0,0],"ix":1},"s":{"k":[100,100],"ix":3},"r":{"k":0,"ix":6},"o":{"k":100,"ix":7},"sk":{"k":0,"ix":4},"sa":{"k":0,"ix":5},"nm":"åæ¢"}],"nm":"æ¤­å 1","np":3,"mn":"ADBE Vector Group"}],"ip":0,"op":40,"st":0,"bm":0,"sr":1},{"ddd":0,"ind":2,"ty":4,"nm":"å½¢ç¶å¾å± 3","ks":{"o":{"k":[{"i":{"x":[0.833],"y":[0.833]},"o":{"x":[0.333],"y":[0]},"n":["0p833_0p833_0p333_0"],"t":4,"s":[100],"e":[30]},{"i":{"x":[0.833],"y":[0.833]},"o":{"x":[0.333],"y":[0]},"n":["0p833_0p833_0p333_0"],"t":20,"s":[30],"e":[100]},{"t":32}]},"r":{"k":0},"p":{"k":[135.625,76.625,0]},"a":{"k":[-76.375,-2.875,0]},"s":{"k":[{"i":{"x":[0.833,0.833,0.833],"y":[0.833,0.833,0.833]},"o":{"x":[0.333,0.333,0.333],"y":[0,0,0.333]},"n":["0p833_0p833_0p333_0","0p833_0p833_0p333_0","0p833_0p833_0p333_0p333"],"t":4,"s":[100,100,100],"e":[200,200,100]},{"i":{"x":[0.833,0.833,0.833],"y":[0.833,0.833,0.833]},"o":{"x":[0.333,0.333,0.333],"y":[0,0,0.333]},"n":["0p833_0p833_0p333_0","0p833_0p833_0p333_0","0p833_0p833_0p333_0p333"],"t":20,"s":[200,200,100],"e":[100,100,100]},{"t":32}]}},"ao":0,"shapes":[{"ty":"gr","it":[{"d":1,"ty":"el","s":{"k":[18,18]},"p":{"k":[0,0]},"nm":"æ¤­åè·¯å¾ 1","mn":"ADBE Vector Shape - Ellipse"},{"ty":"st","c":{"k":[1,1,1,1]},"o":{"k":100},"w":{"k":0},"lc":1,"lj":1,"ml":4,"nm":"æè¾¹ 1","mn":"ADBE Vector Graphic - Stroke"},{"ty":"fl","c":{"k":[0.47,0.31,0.62,1]},"o":{"k":100},"nm":"å¡«å 1","mn":"ADBE Vector Graphic - Fill"},{"ty":"tr","p":{"k":[-76.482,-3.482],"ix":2},"a":{"k":[0,0],"ix":1},"s":{"k":[100,100],"ix":3},"r":{"k":0,"ix":6},"o":{"k":100,"ix":7},"sk":{"k":0,"ix":4},"sa":{"k":0,"ix":5},"nm":"åæ¢"}],"nm":"æ¤­å 1","np":3,"mn":"ADBE Vector Group"}],"ip":0,"op":40,"st":0,"bm":0,"sr":1},{"ddd":0,"ind":3,"ty":4,"nm":"å½¢ç¶å¾å± 2","ks":{"o":{"k":[{"i":{"x":[0.833],"y":[0.833]},"o":{"x":[0.333],"y":[0]},"n":["0p833_0p833_0p333_0"],"t":2,"s":[100],"e":[30]},{"i":{"x":[0.833],"y":[0.833]},"o":{"x":[0.333],"y":[0]},"n":["0p833_0p833_0p333_0"],"t":16,"s":[30],"e":[100]},{"t":28}]},"r":{"k":0},"p":{"k":[109.375,76.625,0]},"a":{"k":[-76.625,-3.125,0]},"s":{"k":[{"i":{"x":[0.833,0.833,0.833],"y":[0.833,0.833,0.833]},"o":{"x":[0.333,0.333,0.333],"y":[0,0,0.333]},"n":["0p833_0p833_0p333_0","0p833_0p833_0p333_0","0p833_0p833_0p333_0p333"],"t":2,"s":[100,100,100],"e":[200,200,100]},{"i":{"x":[0.833,0.833,0.833],"y":[0.833,0.833,0.833]},"o":{"x":[0.333,0.333,0.333],"y":[0,0,0.333]},"n":["0p833_0p833_0p333_0","0p833_0p833_0p333_0","0p833_0p833_0p333_0p333"],"t":16,"s":[200,200,100],"e":[100,100,100]},{"t":28}]}},"ao":0,"shapes":[{"ty":"gr","it":[{"d":1,"ty":"el","s":{"k":[18,18]},"p":{"k":[0,0]},"nm":"æ¤­åè·¯å¾ 1","mn":"ADBE Vector Shape - Ellipse"},{"ty":"st","c":{"k":[1,1,1,1]},"o":{"k":100},"w":{"k":0},"lc":1,"lj":1,"ml":4,"nm":"æè¾¹ 1","mn":"ADBE Vector Graphic - Stroke"},{"ty":"fl","c":{"k":[0.54,0.81,0.89,1]},"o":{"k":100},"nm":"å¡«å 1","mn":"ADBE Vector Graphic - Fill"},{"ty":"tr","p":{"k":[-76.482,-3.482],"ix":2},"a":{"k":[0,0],"ix":1},"s":{"k":[100,100],"ix":3},"r":{"k":0,"ix":6},"o":{"k":100,"ix":7},"sk":{"k":0,"ix":4},"sa":{"k":0,"ix":5},"nm":"åæ¢"}],"nm":"æ¤­å 1","np":3,"mn":"ADBE Vector Group"}],"ip":0,"op":40,"st":0,"bm":0,"sr":1},{"ddd":0,"ind":4,"ty":4,"nm":"å½¢ç¶å¾å± 1","ks":{"o":{"k":[{"i":{"x":[0.833],"y":[0.833]},"o":{"x":[0.333],"y":[0]},"n":["0p833_0p833_0p333_0"],"t":0,"s":[100],"e":[30]},{"i":{"x":[0.833],"y":[0.833]},"o":{"x":[0.333],"y":[0]},"n":["0p833_0p833_0p333_0"],"t":12,"s":[30],"e":[100]},{"t":24}]},"r":{"k":0},"p":{"k":[82.625,76.625,0]},"a":{"k":[-76.625,-3.375,0]},"s":{"k":[{"i":{"x":[0.833,0.833,0.833],"y":[0.833,0.833,0.833]},"o":{"x":[0.333,0.333,0.333],"y":[0,0,0.333]},"n":["0p833_0p833_0p333_0","0p833_0p833_0p333_0","0p833_0p833_0p333_0p333"],"t":0,"s":[100,100,100],"e":[200,200,100]},{"i":{"x":[0.833,0.833,0.833],"y":[0.833,0.833,0.833]},"o":{"x":[0.333,0.333,0.333],"y":[0,0,0.333]},"n":["0p833_0p833_0p333_0","0p833_0p833_0p333_0","0p833_0p833_0p333_0p333"],"t":12,"s":[200,200,100],"e":[100,100,100]},{"t":24}]}},"ao":0,"shapes":[{"ty":"gr","it":[{"d":1,"ty":"el","s":{"k":[18,18]},"p":{"k":[0,0]},"nm":"æ¤­åè·¯å¾ 1","mn":"ADBE Vector Shape - Ellipse"},{"ty":"st","c":{"k":[1,1,1,1]},"o":{"k":100},"w":{"k":0},"lc":1,"lj":1,"ml":4,"nm":"æè¾¹ 1","mn":"ADBE Vector Graphic - Stroke"},{"ty":"fl","c":{"k":[0.34,0.45,0.78,1]},"o":{"k":100},"nm":"å¡«å 1","mn":"ADBE Vector Graphic - Fill"},{"ty":"tr","p":{"k":[-76.482,-3.482],"ix":2},"a":{"k":[0,0],"ix":1},"s":{"k":[100,100],"ix":3},"r":{"k":0,"ix":6},"o":{"k":100,"ix":7},"sk":{"k":0,"ix":4},"sa":{"k":0,"ix":5},"nm":"åæ¢"}],"nm":"æ¤­å 1","np":3,"mn":"ADBE Vector Group"}],"ip":0,"op":40,"st":0,"bm":0,"sr":1}],"v":"4.5.4","ddd":0,"ip":0,"op":40,"fr":24,"w":280,"h":160}